Source,Target
piyusha2001,AbhijeetP21
aryabro,AbhijeetP21
happycoding3112,AbhijeetP21
AbhijeetP21,piyusha2001
AbhijeetP21,manav347
AbhijeetP21,aryabro
AbhijeetP21,happycoding3112
VedankPande,ayushchd
codetheorem,ayushchd
devansh-purwar,ayushchd
Ripunjaycoder,ayushchd
swetanshu-ds,ayushchd
suyashkelvinsavant,ayushchd
manav347,ayushchd
Grbhai,ayushchd
abhikhedekar4241,ayushchd
amit030592,ayushchd
IvoPereira,ayushchd
rosh1992,ayushchd
lihas,ayushchd
pinkylalwani,ayushchd
amalmurali47,ayushchd
ayushchd,har777
ayushchd,rojan
ayushchd,douglascrockford
ayushchd,redskins80
ayushchd,mojombo
ayushchd,Manindra29
Ratnaka2,kunaltyagi9
Mritunjay9999,kunaltyagi9
omerboran22,kunaltyagi9
salonilonare,kunaltyagi9
L123456789231,kunaltyagi9
AshrafS786,kunaltyagi9
dishantburande,kunaltyagi9
suhaibahmedshaikh,kunaltyagi9
irajansarigithub,kunaltyagi9
bhabanisankar2001,kunaltyagi9
DeveloperPrathamesh,kunaltyagi9
SankalpKamble,kunaltyagi9
Digvijay910,kunaltyagi9
krishna-1919,kunaltyagi9
shivamworld0608,kunaltyagi9
kunaltyagi9,mansi-goyal-07
kunaltyagi9,rahulmittal1167
kunaltyagi9,jitendersingh2
manav347,harshii04
theanujdev,harshii04
gauravjaincr7,harshii04
sloorush,harshii04
dhavalkolhe,harshii04
varungupta04,harshii04
HemalathadeviKoyya,harshii04
arjun-sir,harshii04
nimishjn,harshii04
AdSattikar,harshii04
Rohan1572,harshii04
MrStark24,harshii04
BetterCallSaud,harshii04
VanshBajaj24,harshii04
harshii04,jaredsinclair
harshii04,Tiiiger
harshii04,soulwire
harshii04,natew
harshii04,mckaywrigley
harshii04,Horcruxno13
harshii04,lgarron
harshii04,dhavalkolhe
harshii04,cpojer
harshii04,craftzdog
harshii04,aflashyrhetoric
harshii04,gaearon
harshii04,chaance
harshii04,mcsdevv
harshii04,peduarte
harshii04,pacocoursey
harshii04,joe-bell
harshii04,raunofreiberg
harshii04,Mannan-Goyal
harshii04,sanjaybaskaran01
harshii04,nimishjn
harshii04,realvjy
harshii04,AdSattikar
harshii04,DarthBenro008
harshii04,sonnysangha
harshii04,ashutosh1919
harshii04,Just-A-Pixel
harshii04,sloorush
harshii04,manupillai308
itsRajatkumar,iamharshitpandeyy
manav347,iamharshitpandeyy
AnshulPandey-01,iamharshitpandeyy
prabhatzha,iamharshitpandeyy
Foxynero,abhishek305
RoddySk,abhishek305
RickKrsc,abhishek305
RJohnPaul,abhishek305
Jesi1511,abhishek305
Ansh101112,abhishek305
Hamzashafi,abhishek305
KapilSharma547,abhishek305
ansonchieng,abhishek305
UDAYVEERUS,abhishek305
mike030188,abhishek305
codewithshivamk,abhishek305
aminakm123,abhishek305
krshinn,abhishek305
abhnvgupta,abhishek305
abhishek305,razorpay
abhishek305,sadanandpai
abhishek305,lydiahallie
abhishek305,ryanmcdermott
abhishek305,yangshun
abhishek305,sudheerj
abhishek305,dirkhh
abhishek305,kcalumpong
abhishek305,AdroitAnandAI
abhishek305,bradfitz
abhishek305,danmacnish
abhishek305,nbedos
abhishek305,torvalds
denu5,irealva
decomplected,irealva
Scarro,irealva
erikh22l18,irealva
rdkamali,irealva
Krillitane,irealva
Chidi-bot,irealva
liamtostring,irealva
GitPiovations,irealva
x-bruce,irealva
swe4vn,irealva
jmaguero,irealva
sharkAndshark,irealva
zarifpour,irealva
ZeshanMubashir,irealva
irealva,keijiro
irealva,friej715
irealva,galaxykate
irealva,antiboredom
irealva,Hebali
irealva,diwi
irealva,jeonghopark
irealva,mattdesl
irealva,ofZach
irealva,hapticdata
irealva,torinmb
irealva,wearenocomputer
irealva,joshuajnoble
irealva,memo
irealva,flight404
irealva,mariuswatz
irealva,karimnaaji
irealva,llSourcell
irealva,SciutoAlex
irealva,prisonerjohn
irealva,runemadsen
irealva,NickHardeman
irealva,HalfdanJ
irealva,ypag
irealva,urcades
irealva,interactivespaces
irealva,hanbyul-here
irealva,frnsys
irealva,AmnonOwed
irealva,lmccart
irealva,ericgunther
irealva,alescode
irealva,workergnome
irealva,golanlevin
irealva,kylemcdonald
irealva,brianchirls
irealva,obviousjim
Ruchag0803,aayushmnit
sgzqc,aayushmnit
manav347,aayushmnit
dkrajzew,aayushmnit
ayushthakur,aayushmnit
MacalusoJeff,aayushmnit
tbergman,aayushmnit
RaphaelFavero,aayushmnit
star1327p,aayushmnit
Ginurx,aayushmnit
hdrmadness,aayushmnit
melihyesil,aayushmnit
anandanne,aayushmnit
odarpi,aayushmnit
AppServiceProvider,aayushmnit
aayushmnit,MacalusoJeff
aayushmnit,NielsRogge
aayushmnit,lucidrains
aayushmnit,eugeneyan
aayushmnit,dipanjanS
aayushmnit,daisukelab
aayushmnit,SeuTao
aayushmnit,ageitgey
aayushmnit,radekosmulski
aayushmnit,racheltho
aayushmnit,karpathy
aayushmnit,hanxiao
aayushmnit,hamelsmu
aayushmnit,hnarayanan
aayushmnit,olgaliak
aayushmnit,binga
aayushmnit,EvilPort2
aayushmnit,lopuhin
aayushmnit,rasbt
aayushmnit,ilkarman
aayushmnit,jph00
aayushmnit,Naresh1318
aayushmnit,llSourcell
aayushmnit,realAkhmed
aayushmnit,JeffMacaluso
aayushmnit,abhishekkrthakur
aayushmnit,kaz-Anova
aayushmnit,bishwarup307
aayushmnit,ChenglongChen
aayushmnit,vopani
aayushmnit,SudalaiRajkumar
danielfalbo,saadq
ducaale,saadq
harunjonuzi,saadq
abdoemr11,saadq
Honkenbonkers,saadq
Ayyoubdev7,saadq
hoanganh90,saadq
Bugulet,saadq
wa8eem,saadq
Monishobaid,saadq
OsamaAlmamri,saadq
xplosionmind,saadq
fabwebdev,saadq
tmofveins,saadq
SAGAR-TAMANG,saadq
saadq,mehulkar
saadq,iamnbutler
saadq,maxbrunsfeld
saadq,as-cii
saadq,nathansobo
saadq,dai-shi
saadq,steveruizok
saadq,ije
saadq,tmwilliamlin168
saadq,arunoda
saadq,leebyron
saadq,epicfaace
saadq,tannerlinsley
saadq,bluebill1049
saadq,goldhand
saadq,shilman
saadq,lucacasonato
saadq,satya164
saadq,jhen0409
saadq,lukeed
saadq,hyochan
saadq,vadimdemedes
saadq,pedronauck
saadq,ry
saadq,aubreywullschleger
saadq,zquadri
saadq,siddharthkp
saadq,threepointone
saadq,kitsonk
saadq,klaudiosinani
saadq,terkelg
saadq,egoist
saadq,eddywashere
saadq,mmahalwy
saadq,Gregjarvez
saadq,suchipi
saadq,morajabi
saadq,tommygebru
saadq,acdlite
saadq,equinusocio
saadq,dnl-blkv
saadq,gaearon
saadq,feross
saadq,sebmck
saadq,jamiebuilds
saadq,sindresorhus
saadq,leo
saadq,rauchg
saadq,kentcdodds
saadq,tj
codetheorem,abhikhedekar4241
anas-ansri,abhikhedekar4241
vishwajeet-0410,abhikhedekar4241
AnandShirole,abhikhedekar4241
PremChapagain,abhikhedekar4241
someshbhandare,abhikhedekar4241
suyashkelvinsavant,abhikhedekar4241
aadityasivaS,abhikhedekar4241
manav347,abhikhedekar4241
pratikpwr,abhikhedekar4241
techprogrammer007,abhikhedekar4241
imsaptarshi,abhikhedekar4241
Anigulig,abhikhedekar4241
siddheshkothadi,abhikhedekar4241
abhikhedekar4241,manav347
abhikhedekar4241,saadq
abhikhedekar4241,Akshaykumar26
abhikhedekar4241,ayushchd
abhikhedekar4241,aadityasivaS
abhikhedekar4241,pratikpwr
abhikhedekar4241,siddheshkothadi
abhikhedekar4241,imsaptarshi
ayiaware,bedimcode
AryanJMathew,bedimcode
jonatanhuergoaguilar,bedimcode
benjaminholyfield,bedimcode
melissayr,bedimcode
suyog-dighe,bedimcode
gouravesharma,bedimcode
hassanraza2008,bedimcode
timl16,bedimcode
marcelosantanajr,bedimcode
yahyabenjdy,bedimcode
codeaashu,bedimcode
medoamer200,bedimcode
X-Pain9,bedimcode
quastarK,bedimcode
aryabro,happycoding3112
AbhijeetP21,happycoding3112
manav347,happycoding3112
piyusha2001,happycoding3112
premkhandelwal,happycoding3112
happycoding3112,vaibhavnagwani
happycoding3112,aryabro
happycoding3112,AbhijeetP21
happycoding3112,manav347
happycoding3112,piyusha2001
happycoding3112,premkhandelwal
manav347,premkhandelwal
rahulnikam2002,premkhandelwal
happycoding3112,premkhandelwal
suyog-patil-21,premkhandelwal
ajinkyakotwal,premkhandelwal
premkhandelwal,manav347
premkhandelwal,rahulnikam2002
premkhandelwal,suyog-patil-21
premkhandelwal,happycoding3112
premkhandelwal,ajinkyakotwal
manav347,Nims972
snehasheeli,Nims972
Bhadreshwara,Nims972
Riya2009,Nims972
PruthviSooni,Nims972
Dharmik79,Nims972
yagnesh45,Nims972
agg-shambhavi,Nims972
bhargavpshah98,Nims972
jaydip216,Nims972
bhavikvashi1804,Nims972
1siddhi7,Nims972
tejoyv,Nims972
imdhruvit,Nims972
vishalsoni242,Nims972
Nims972,rasbt
Nims972,manav347
Nims972,arnocandel
Nims972,Bhadreshwara
Nims972,yagnesh45
Nims972,annaveronika
Nims972,saurabh502
Nims972,NagabhushanS
Nims972,kunwar31
Nims972,shubham3121
Nims972,SudalaiRajkumar
Nims972,llSourcell
Nims972,rajat5ranjan
Nims972,lakhinsu
Nims972,imdhruvit
Nims972,vishalsoni242
Romyo-jit,teja156
macster,teja156
tonmoys423,teja156
BhaskaarRedddy,teja156
felipeappsPGM,teja156
Mahad444,teja156
kiran4035,teja156
Mallik-24,teja156
sandeepjamod,teja156
himanshuchandola,teja156
mikeoller82,teja156
Remeemee,teja156
tejasms,teja156
StraferDranzex,teja156
Ceo53,teja156
ifaisalmehmood,hamdan-codes
loranYousef,hamdan-codes
Saptak10,hamdan-codes
mohammed-hashim-k,hamdan-codes
123nitish,hamdan-codes
adarshpk92,hamdan-codes
SWxEng,hamdan-codes
HimanshuMohanty-Git24,hamdan-codes
AkshayTripathi0331,hamdan-codes
SameerTulsani,hamdan-codes
Princep02,hamdan-codes
suchismita004,hamdan-codes
satyamvivek7,hamdan-codes
harsh6768-svg,hamdan-codes
FoxxPratikSau,hamdan-codes
hamdan-codes,navinreddy20
hamdan-codes,slang-lang
hamdan-codes,aryanjais1234
hamdan-codes,emilybache
hamdan-codes,riti2409
hamdan-codes,soham-samanta
hamdan-codes,not-archit
hamdan-codes,ayush-mallick
hamdan-codes,Nitin-45
hamdan-codes,vsakshya
hamdan-codes,ChetanKumarSinha
hamdan-codes,prem5040
hamdan-codes,xentro-sam
hamdan-codes,Khaingsuthwel29
hamdan-codes,OmPr366
hamdan-codes,aindrila2412
hamdan-codes,AbhishakeDev
hamdan-codes,iamAnki
hamdan-codes,AbhisekOmkar
hamdan-codes,Mosina916
hamdan-codes,sambarannnn
hamdan-codes,ThunderBoult
hamdan-codes,DIVYANSHU1551
hamdan-codes,Shreyash-India
hamdan-codes,ajay158
hamdan-codes,Errichto
hamdan-codes,angelabauer
hamdan-codes,Shaswat-2203
hamdan-codes,vgauravkumar
hamdan-codes,pratistha-05
hamdan-codes,sahbivash05
hamdan-codes,krishmurarka
hamdan-codes,virtual41tridiv
hamdan-codes,rajalsrivastava
hamdan-codes,Atif0604
hamdan-codes,Sayak11
hamdan-codes,Harsheeta-kumari
hamdan-codes,abir2001
hamdan-codes,fika-zing18
hamdan-codes,meks-0202
hamdan-codes,biswaroop1547
hamdan-codes,sagnikghoshcr7
hamdan-codes,sayannath
hamdan-codes,Biswajeet-Rath
hamdan-codes,adeshpratapsingh
hamdan-codes,GauravAmbasta2405
hamdan-codes,bighneshpati
hamdan-codes,jp20indian
hamdan-codes,palanirban25
hamdan-codes,srishti-shrivastava
Aryankarma,Akanksha1212
hsteg420,Akanksha1212
3zzazakl,Akanksha1212
greglikescode,Akanksha1212
ShashSJ,Akanksha1212
CodewChinmay,Akanksha1212
abhinov956tech-developer,Akanksha1212
SamarthUrs18,Akanksha1212
digvijaysingh21,Akanksha1212
ansumanswain,Akanksha1212
hasancankahraman,Akanksha1212
codersiddhu9918,Akanksha1212
Nikhila-KS,Akanksha1212
erindolson,Akanksha1212
Maverick2205,Akanksha1212
Akanksha1212,ashishps1
Akanksha1212,Yayo-Arellano
Akanksha1212,ggongg
Akanksha1212,KendiJ
Akanksha1212,gerfalcon
Akanksha1212,slarsendisney
Akanksha1212,hkirat
Akanksha1212,ConnectBhawna
Akanksha1212,alvis
Akanksha1212,Roaa94
Akanksha1212,SatyamX64
Akanksha1212,davidhckh
Akanksha1212,BLKKKBVSIK
Akanksha1212,shovelingpig
Akanksha1212,Ingrid-E
Akanksha1212,aagarwal1012
Akanksha1212,danitcodes
Akanksha1212,stanleyjzheng
Akanksha1212,ricsin23
Akanksha1212,Chinmay-KB
Akanksha1212,AdrianaCeric
Akanksha1212,hmahajan99
Akanksha1212,rish07
Akanksha1212,Harmanjit14
Akanksha1212,Vanshikagarg17
Akanksha1212,ProBeta1
Akanksha1212,h4ck3rk3y
Akanksha1212,avikumar15
Akanksha1212,tsvillain
Akanksha1212,adrdev10
Akanksha1212,vixipop
Akanksha1212,ShivamGoyal1899
Akanksha1212,gigihsigap
Akanksha1212,chirag-singhal
Akanksha1212,FazeelUsmani
Akanksha1212,Deepak2607
Akanksha1212,maknetaRo
Akanksha1212,dheerajkotwani
Akanksha1212,champ96k
Akanksha1212,yashika51
Akanksha1212,palcodes
Akanksha1212,bm777
Akanksha1212,arjkashyap
Akanksha1212,HarshKapadia2
Akanksha1212,sarimurrab
Akanksha1212,Singh-Shivani
Akanksha1212,eshaan007
Akanksha1212,imSanjaySoni
Akanksha1212,Korusuke
Akanksha1212,snitin315
AbhijeetP21,manav347
Nims972,manav347
premkhandelwal,manav347
happycoding3112,manav347
piyusha2001,manav347
abhikhedekar4241,manav347
AnshGaikwad,manav347
manav347,harshii04
manav347,aayushmnit
manav347,Nims972
manav347,aryabro
manav347,artiam99
manav347,premkhandelwal
manav347,happycoding3112
manav347,piyusha2001
manav347,Nik6198
manav347,Akanksha1212
manav347,hamdan-codes
manav347,irealva
manav347,iamharshitpandeyy
manav347,srcecde
manav347,saadq
manav347,kunaltyagi9
manav347,ayushchd
manav347,abhishek305
manav347,bedimcode
manav347,developedbyed
manav347,teja156
manav347,abhikhedekar4241
manav347,AnshGaikwad
AbhijeetP21,aryabro
manav347,aryabro
happycoding3112,aryabro
piyusha2001,aryabro
aryabro,AbhijeetP21
aryabro,piyusha2001
aryabro,happycoding3112
yashtank86,artiam99
Adil6274,artiam99
MufeedAhamad,artiam99
NARAVINDR321,artiam99
smty2018,artiam99
bmk99,artiam99
MDAshfaqkhan,artiam99
Sunilkumar1729,artiam99
samitdesmukh,artiam99
itschandan817,artiam99
manvisingh3097,artiam99
Techkrish1,artiam99
Shravani147,artiam99
2020yash,artiam99
dhanwalkarjay,artiam99
artiam99,sayantanlahiri
artiam99,dunk066
Mikeehxzy,developedbyed
Devangkartik,developedbyed
malikobansa,developedbyed
bishwa35,developedbyed
Madhurapandit12,developedbyed
DeveloperTharan,developedbyed
mohammed-bw,developedbyed
Aya-Yasser1658,developedbyed
fport,developedbyed
Anushkag031,developedbyed
Chandima-R,developedbyed
tinahp09,developedbyed
juanigna,developedbyed
ismailabdullazade,developedbyed
Arnold-0803,developedbyed
developedbyed,echo7yankee
alexandre1984rj,srcecde
JN21980,srcecde
riadraz,srcecde
adityapandita97,srcecde
paras-deshbhratar,srcecde
ali-sajjad-rizavi,srcecde
Sumedh-999,srcecde
jaymes15,srcecde
SHAMSUNDAR20,srcecde
vbushong16,srcecde
liujinxian,srcecde
tooba-jd,srcecde
chris52g,srcecde
ahmedwahid,srcecde
weisisheng,srcecde
manav347,Nik6198
shivansh-p,AnshGaikwad
laukikk,AnshGaikwad
bunyaminergen,AnshGaikwad
JudeTulel,AnshGaikwad
jeetr1999,AnshGaikwad
aka-thokade,AnshGaikwad
satyagames,AnshGaikwad
vedantvalsangkar,AnshGaikwad
dses98041110,AnshGaikwad
Vivek-291,AnshGaikwad
Awais-Mansha,AnshGaikwad
ayman654,AnshGaikwad
gokhalevedant06,AnshGaikwad
Aayush1720,AnshGaikwad
dev-ameyjoshi,AnshGaikwad
AnshGaikwad,laukikk
AnshGaikwad,chaitanyarahalkar
AnshGaikwad,aka-thokade
AnshGaikwad,manav347
AnshGaikwad,chetan-187
AnshGaikwad,MrMalfunction
AnshGaikwad,rohitsingh0210
AnshGaikwad,Patil-Sarvesh
AnshGaikwad,10sneh
AnshGaikwad,aadarsh-11
AnshGaikwad,Prashanth820
AnshGaikwad,arshadpatel2001
harsh-c137,piyusha2001
siddharthasaiganji,piyusha2001
Jitendrap6197,piyusha2001
saif497,piyusha2001
AbhijeetP21,piyusha2001
Mayankaharma2003,piyusha2001
SAILYRA,piyusha2001
aryabro,piyusha2001
berasumit611,piyusha2001
debopriyadey,piyusha2001
KumariVaishnavi12,piyusha2001
Subhangi0707,piyusha2001
Shivam-Anand24,piyusha2001
akshat123436,piyusha2001
i-rishikesh,piyusha2001
piyusha2001,harsh-c137
piyusha2001,AbhijeetP21
piyusha2001,aryabro
piyusha2001,sanket95droid
piyusha2001,manav347
piyusha2001,SuryaSekhar14
piyusha2001,kunal-kushwaha
piyusha2001,itsGKRam
piyusha2001,kapoorp99
piyusha2001,happycoding3112
piyusha2001,sayali1711
piyusha2001,Girijawale
piyusha2001,abhishk12
piyusha2001,Mano-08
piyusha2001,madhav2928
piyusha2001,hardikchoksi151
